AREA,subgroup
West Yorkshire and Harrogate (Health and Care Partnership),All
"Humber, Coast and Vale",All
Greater Manchester Health and Social Care Partnership,All
Cheshire and Merseyside,All
South Yorkshire and Bassetlaw,All
Staffordshire and Stoke on Trent,All
Shropshire and Telford and Wrekin,All
Joined Up Care Derbyshire,All
Lincolnshire,All
Nottingham and Nottinghamshire Health and Care,All
"Leicester, Leicestershire and Rutland",All
The Black Country and West Birmingham,All
Birmingham and Solihull,All
Coventry and Warwickshire,All
Herefordshire and Worcestershire,All
Northamptonshire,All
Cambridgeshire and Peterborough,All
Norfolk and Waveney Health and Care Partnership,All
Suffolk and North East Essex,All
"Bedfordshire, Luton and Milton Keynes",All
Hertfordshire and West Essex,All
Mid and South Essex,All
North West London Health and Care Partnership,All
North London Partners in Health and Care,All
East London Health and Care Partnership,All
Our Healthier South East London,All
South West London Health and Care Partnership,All
Kent and Medway,All
Sussex and East Surrey,All
Frimley Health,All
Surrey Heartlands,All
Cornwall and the Isles of Scilly,All
Devon,All
Somerset,All
"Bristol, North Somerset and South Gloucestershire",All
"Bath and North East Somerset, Swindon and Wiltshire",All
Dorset,All
Hampshire and the Isle of Wight,All
Gloucestershire,All
"Buckinghamshire, Oxfordshire and Berkshire West",All
Healthier Lancashire and South Cumbria,All
Cumbria and North East,All